{
  "llvm-target": "x86_64-unknown-none",
  "data-layout": "e-m:e-i64:64-f80:128-n8:16:32:64-S128",
  "linker-flavor": "ld.lld",
  "target-endian": "little",
  "target-pointer-width": "64",
  "target-c-int-width": "32",
  "arch": "x86_64",
  "os": "none",
  "executables": true,
  "dynamic-linking": true,
  "linker": "rust-lld",
  "pre-link-args": {
    "ld.lld": [
      "-Tkernel/linker.ld",
      "-export-dynamic"
    ]
  },
  "disable-redzone": true,
  "features": "-mmx,-sse,+soft-float",
  "panic-strategy": "abort",
  "frame-pointer": "always"
}
